split,source_image,source_annotation,dataset_image,dataset_label
train,C:\Users\danie\Desktop\DS\Degree\projects\Advanced_topics_in_DS\Clock-Recognition-And-Manipulation-DL\analog_clock\data\from_internet_cropped\clock_crop_00041.jpg,C:\Users\danie\Desktop\DS\Degree\projects\Advanced_topics_in_DS\Clock-Recognition-And-Manipulation-DL\analog_clock\data\from_internet_cropped\clock_crop_00041.ann.json,C:\Users\danie\Desktop\DS\Degree\projects\Advanced_topics_in_DS\Clock-Recognition-And-Manipulation-DL\ac_hands_ft_cropped\dataset\images\train\train_00000.jpg,C:\Users\danie\Desktop\DS\Degree\projects\Advanced_topics_in_DS\Clock-Recognition-And-Manipulation-DL\ac_hands_ft_cropped\dataset\labels\train\train_00000.txt
train,C:\Users\danie\Desktop\DS\Degree\projects\Advanced_topics_in_DS\Clock-Recognition-And-Manipulation-DL\analog_clock\data\from_internet_cropped\clock_crop_00078.png,C:\Users\danie\Desktop\DS\Degree\projects\Advanced_topics_in_DS\Clock-Recognition-And-Manipulation-DL\analog_clock\data\from_internet_cropped\clock_crop_00078.ann.json,C:\Users\danie\Desktop\DS\Degree\projects\Advanced_topics_in_DS\Clock-Recognition-And-Manipulation-DL\ac_hands_ft_cropped\dataset\images\train\train_00001.png,C:\Users\danie\Desktop\DS\Degree\projects\Advanced_topics_in_DS\Clock-Recognition-And-Manipulation-DL\ac_hands_ft_cropped\dataset\labels\train\train_00001.txt
train,C:\Users\danie\Desktop\DS\Degree\projects\Advanced_topics_in_DS\Clock-Recognition-And-Manipulation-DL\analog_clock\data\from_internet_cropped\clock_crop_00082.jpg,C:\Users\danie\Desktop\DS\Degree\projects\Advanced_topics_in_DS\Clock-Recognition-And-Manipulation-DL\analog_clock\data\from_internet_cropped\clock_crop_00082.ann.json,C:\Users\danie\Desktop\DS\Degree\projects\Advanced_topics_in_DS\Clock-Recognition-And-Manipulation-DL\ac_hands_ft_cropped\dataset\images\train\train_00002.jpg,C:\Users\danie\Desktop\DS\Degree\projects\Advanced_topics_in_DS\Clock-Recognition-And-Manipulation-DL\ac_hands_ft_cropped\dataset\labels\train\train_00002.txt
train,C:\Users\danie\Desktop\DS\Degree\projects\Advanced_topics_in_DS\Clock-Recognition-And-Manipulation-DL\analog_clock\data\from_internet_cropped\clock_crop_00009.jpg,C:\Users\danie\Desktop\DS\Degree\projects\Advanced_topics_in_DS\Clock-Recognition-And-Manipulation-DL\analog_clock\data\from_internet_cropped\clock_crop_00009.ann.json,C:\Users\danie\Desktop\DS\Degree\projects\Advanced_topics_in_DS\Clock-Recognition-And-Manipulation-DL\ac_hands_ft_cropped\dataset\images\train\train_00003.jpg,C:\Users\danie\Desktop\DS\Degree\projects\Advanced_topics_in_DS\Clock-Recognition-And-Manipulation-DL\ac_hands_ft_cropped\dataset\labels\train\train_00003.txt
train,C:\Users\danie\Desktop\DS\Degree\projects\Advanced_topics_in_DS\Clock-Recognition-And-Manipulation-DL\analog_clock\data\from_internet_cropped\clock_crop_00067.jpg,C:\Users\danie\Desktop\DS\Degree\projects\Advanced_topics_in_DS\Clock-Recognition-And-Manipulation-DL\analog_clock\data\from_internet_cropped\clock_crop_00067.ann.json,C:\Users\danie\Desktop\DS\Degree\projects\Advanced_topics_in_DS\Clock-Recognition-And-Manipulation-DL\ac_hands_ft_cropped\dataset\images\train\train_00004.jpg,C:\Users\danie\Desktop\DS\Degree\projects\Advanced_topics_in_DS\Clock-Recognition-And-Manipulation-DL\ac_hands_ft_cropped\dataset\labels\train\train_00004.txt
train,C:\Users\danie\Desktop\DS\Degree\projects\Advanced_topics_in_DS\Clock-Recognition-And-Manipulation-DL\analog_clock\data\from_internet_cropped\clock_crop_00047.jpg,C:\Users\danie\Desktop\DS\Degree\projects\Advanced_topics_in_DS\Clock-Recognition-And-Manipulation-DL\analog_clock\data\from_internet_cropped\clock_crop_00047.ann.json,C:\Users\danie\Desktop\DS\Degree\projects\Advanced_topics_in_DS\Clock-Recognition-And-Manipulation-DL\ac_hands_ft_cropped\dataset\images\train\train_00005.jpg,C:\Users\danie\Desktop\DS\Degree\projects\Advanced_topics_in_DS\Clock-Recognition-And-Manipulation-DL\ac_hands_ft_cropped\dataset\labels\train\train_00005.txt
train,C:\Users\danie\Desktop\DS\Degree\projects\Advanced_topics_in_DS\Clock-Recognition-And-Manipulation-DL\analog_clock\data\from_internet_cropped\clock_crop_00001.jpg,C:\Users\danie\Desktop\DS\Degree\projects\Advanced_topics_in_DS\Clock-Recognition-And-Manipulation-DL\analog_clock\data\from_internet_cropped\clock_crop_00001.ann.json,C:\Users\danie\Desktop\DS\Degree\projects\Advanced_topics_in_DS\Clock-Recognition-And-Manipulation-DL\ac_hands_ft_cropped\dataset\images\train\train_00006.jpg,C:\Users\danie\Desktop\DS\Degree\projects\Advanced_topics_in_DS\Clock-Recognition-And-Manipulation-DL\ac_hands_ft_cropped\dataset\labels\train\train_00006.txt
train,C:\Users\danie\Desktop\DS\Degree\projects\Advanced_topics_in_DS\Clock-Recognition-And-Manipulation-DL\analog_clock\data\from_internet_cropped\clock_crop_00072.png,C:\Users\danie\Desktop\DS\Degree\projects\Advanced_topics_in_DS\Clock-Recognition-And-Manipulation-DL\analog_clock\data\from_internet_cropped\clock_crop_00072.ann.json,C:\Users\danie\Desktop\DS\Degree\projects\Advanced_topics_in_DS\Clock-Recognition-And-Manipulation-DL\ac_hands_ft_cropped\dataset\images\train\train_00007.png,C:\Users\danie\Desktop\DS\Degree\projects\Advanced_topics_in_DS\Clock-Recognition-And-Manipulation-DL\ac_hands_ft_cropped\dataset\labels\train\train_00007.txt
train,C:\Users\danie\Desktop\DS\Degree\projects\Advanced_topics_in_DS\Clock-Recognition-And-Manipulation-DL\analog_clock\data\from_internet_cropped\clock_crop_00015.jpg,C:\Users\danie\Desktop\DS\Degree\projects\Advanced_topics_in_DS\Clock-Recognition-And-Manipulation-DL\analog_clock\data\from_internet_cropped\clock_crop_00015.ann.json,C:\Users\danie\Desktop\DS\Degree\projects\Advanced_topics_in_DS\Clock-Recognition-And-Manipulation-DL\ac_hands_ft_cropped\dataset\images\train\train_00008.jpg,C:\Users\danie\Desktop\DS\Degree\projects\Advanced_topics_in_DS\Clock-Recognition-And-Manipulation-DL\ac_hands_ft_cropped\dataset\labels\train\train_00008.txt
train,C:\Users\danie\Desktop\DS\Degree\projects\Advanced_topics_in_DS\Clock-Recognition-And-Manipulation-DL\analog_clock\data\from_internet_cropped\clock_crop_00080.jpg,C:\Users\danie\Desktop\DS\Degree\projects\Advanced_topics_in_DS\Clock-Recognition-And-Manipulation-DL\analog_clock\data\from_internet_cropped\clock_crop_00080.ann.json,C:\Users\danie\Desktop\DS\Degree\projects\Advanced_topics_in_DS\Clock-Recognition-And-Manipulation-DL\ac_hands_ft_cropped\dataset\images\train\train_00009.jpg,C:\Users\danie\Desktop\DS\Degree\projects\Advanced_topics_in_DS\Clock-Recognition-And-Manipulation-DL\ac_hands_ft_cropped\dataset\labels\train\train_00009.txt
train,C:\Users\danie\Desktop\DS\Degree\projects\Advanced_topics_in_DS\Clock-Recognition-And-Manipulation-DL\analog_clock\data\from_internet_cropped\clock_crop_00058.jpg,C:\Users\danie\Desktop\DS\Degree\projects\Advanced_topics_in_DS\Clock-Recognition-And-Manipulation-DL\analog_clock\data\from_internet_cropped\clock_crop_00058.ann.json,C:\Users\danie\Desktop\DS\Degree\projects\Advanced_topics_in_DS\Clock-Recognition-And-Manipulation-DL\ac_hands_ft_cropped\dataset\images\train\train_00010.jpg,C:\Users\danie\Desktop\DS\Degree\projects\Advanced_topics_in_DS\Clock-Recognition-And-Manipulation-DL\ac_hands_ft_cropped\dataset\labels\train\train_00010.txt
train,C:\Users\danie\Desktop\DS\Degree\projects\Advanced_topics_in_DS\Clock-Recognition-And-Manipulation-DL\analog_clock\data\from_internet_cropped\clock_crop_00010.jpg,C:\Users\danie\Desktop\DS\Degree\projects\Advanced_topics_in_DS\Clock-Recognition-And-Manipulation-DL\analog_clock\data\from_internet_cropped\clock_crop_00010.ann.json,C:\Users\danie\Desktop\DS\Degree\projects\Advanced_topics_in_DS\Clock-Recognition-And-Manipulation-DL\ac_hands_ft_cropped\dataset\images\train\train_00011.jpg,C:\Users\danie\Desktop\DS\Degree\projects\Advanced_topics_in_DS\Clock-Recognition-And-Manipulation-DL\ac_hands_ft_cropped\dataset\labels\train\train_00011.txt
train,C:\Users\danie\Desktop\DS\Degree\projects\Advanced_topics_in_DS\Clock-Recognition-And-Manipulation-DL\analog_clock\data\from_internet_cropped\clock_crop_00045.jpg,C:\Users\danie\Desktop\DS\Degree\projects\Advanced_topics_in_DS\Clock-Recognition-And-Manipulation-DL\analog_clock\data\from_internet_cropped\clock_crop_00045.ann.json,C:\Users\danie\Desktop\DS\Degree\projects\Advanced_topics_in_DS\Clock-Recognition-And-Manipulation-DL\ac_hands_ft_cropped\dataset\images\train\train_00012.jpg,C:\Users\danie\Desktop\DS\Degree\projects\Advanced_topics_in_DS\Clock-Recognition-And-Manipulation-DL\ac_hands_ft_cropped\dataset\labels\train\train_00012.txt
train,C:\Users\danie\Desktop\DS\Degree\projects\Advanced_topics_in_DS\Clock-Recognition-And-Manipulation-DL\analog_clock\data\from_internet_cropped\clock_crop_00033.jpg,C:\Users\danie\Desktop\DS\Degree\projects\Advanced_topics_in_DS\Clock-Recognition-And-Manipulation-DL\analog_clock\data\from_internet_cropped\clock_crop_00033.ann.json,C:\Users\danie\Desktop\DS\Degree\projects\Advanced_topics_in_DS\Clock-Recognition-And-Manipulation-DL\ac_hands_ft_cropped\dataset\images\train\train_00013.jpg,C:\Users\danie\Desktop\DS\Degree\projects\Advanced_topics_in_DS\Clock-Recognition-And-Manipulation-DL\ac_hands_ft_cropped\dataset\labels\train\train_00013.txt
train,C:\Users\danie\Desktop\DS\Degree\projects\Advanced_topics_in_DS\Clock-Recognition-And-Manipulation-DL\analog_clock\data\from_internet_cropped\clock_crop_00056.jpg,C:\Users\danie\Desktop\DS\Degree\projects\Advanced_topics_in_DS\Clock-Recognition-And-Manipulation-DL\analog_clock\data\from_internet_cropped\clock_crop_00056.ann.json,C:\Users\danie\Desktop\DS\Degree\projects\Advanced_topics_in_DS\Clock-Recognition-And-Manipulation-DL\ac_hands_ft_cropped\dataset\images\train\train_00014.jpg,C:\Users\danie\Desktop\DS\Degree\projects\Advanced_topics_in_DS\Clock-Recognition-And-Manipulation-DL\ac_hands_ft_cropped\dataset\labels\train\train_00014.txt
train,C:\Users\danie\Desktop\DS\Degree\projects\Advanced_topics_in_DS\Clock-Recognition-And-Manipulation-DL\analog_clock\data\from_internet_cropped\clock_crop_00037.jpg,C:\Users\danie\Desktop\DS\Degree\projects\Advanced_topics_in_DS\Clock-Recognition-And-Manipulation-DL\analog_clock\data\from_internet_cropped\clock_crop_00037.ann.json,C:\Users\danie\Desktop\DS\Degree\projects\Advanced_topics_in_DS\Clock-Recognition-And-Manipulation-DL\ac_hands_ft_cropped\dataset\images\train\train_00015.jpg,C:\Users\danie\Desktop\DS\Degree\projects\Advanced_topics_in_DS\Clock-Recognition-And-Manipulation-DL\ac_hands_ft_cropped\dataset\labels\train\train_00015.txt
train,C:\Users\danie\Desktop\DS\Degree\projects\Advanced_topics_in_DS\Clock-Recognition-And-Manipulation-DL\analog_clock\data\from_internet_cropped\clock_crop_00050.png,C:\Users\danie\Desktop\DS\Degree\projects\Advanced_topics_in_DS\Clock-Recognition-And-Manipulation-DL\analog_clock\data\from_internet_cropped\clock_crop_00050.ann.json,C:\Users\danie\Desktop\DS\Degree\projects\Advanced_topics_in_DS\Clock-Recognition-And-Manipulation-DL\ac_hands_ft_cropped\dataset\images\train\train_00016.png,C:\Users\danie\Desktop\DS\Degree\projects\Advanced_topics_in_DS\Clock-Recognition-And-Manipulation-DL\ac_hands_ft_cropped\dataset\labels\train\train_00016.txt
train,C:\Users\danie\Desktop\DS\Degree\projects\Advanced_topics_in_DS\Clock-Recognition-And-Manipulation-DL\analog_clock\data\from_internet_cropped\clock_crop_00032.jpg,C:\Users\danie\Desktop\DS\Degree\projects\Advanced_topics_in_DS\Clock-Recognition-And-Manipulation-DL\analog_clock\data\from_internet_cropped\clock_crop_00032.ann.json,C:\Users\danie\Desktop\DS\Degree\projects\Advanced_topics_in_DS\Clock-Recognition-And-Manipulation-DL\ac_hands_ft_cropped\dataset\images\train\train_00017.jpg,C:\Users\danie\Desktop\DS\Degree\projects\Advanced_topics_in_DS\Clock-Recognition-And-Manipulation-DL\ac_hands_ft_cropped\dataset\labels\train\train_00017.txt
train,C:\Users\danie\Desktop\DS\Degree\projects\Advanced_topics_in_DS\Clock-Recognition-And-Manipulation-DL\analog_clock\data\from_internet_cropped\clock_crop_00066.jpg,C:\Users\danie\Desktop\DS\Degree\projects\Advanced_topics_in_DS\Clock-Recognition-And-Manipulation-DL\analog_clock\data\from_internet_cropped\clock_crop_00066.ann.json,C:\Users\danie\Desktop\DS\Degree\projects\Advanced_topics_in_DS\Clock-Recognition-And-Manipulation-DL\ac_hands_ft_cropped\dataset\images\train\train_00018.jpg,C:\Users\danie\Desktop\DS\Degree\projects\Advanced_topics_in_DS\Clock-Recognition-And-Manipulation-DL\ac_hands_ft_cropped\dataset\labels\train\train_00018.txt
train,C:\Users\danie\Desktop\DS\Degree\projects\Advanced_topics_in_DS\Clock-Recognition-And-Manipulation-DL\analog_clock\data\from_internet_cropped\clock_crop_00044.jpg,C:\Users\danie\Desktop\DS\Degree\projects\Advanced_topics_in_DS\Clock-Recognition-And-Manipulation-DL\analog_clock\data\from_internet_cropped\clock_crop_00044.ann.json,C:\Users\danie\Desktop\DS\Degree\projects\Advanced_topics_in_DS\Clock-Recognition-And-Manipulation-DL\ac_hands_ft_cropped\dataset\images\train\train_00019.jpg,C:\Users\danie\Desktop\DS\Degree\projects\Advanced_topics_in_DS\Clock-Recognition-And-Manipulation-DL\ac_hands_ft_cropped\dataset\labels\train\train_00019.txt
train,C:\Users\danie\Desktop\DS\Degree\projects\Advanced_topics_in_DS\Clock-Recognition-And-Manipulation-DL\analog_clock\data\from_internet_cropped\clock_crop_00030.jpg,C:\Users\danie\Desktop\DS\Degree\projects\Advanced_topics_in_DS\Clock-Recognition-And-Manipulation-DL\analog_clock\data\from_internet_cropped\clock_crop_00030.ann.json,C:\Users\danie\Desktop\DS\Degree\projects\Advanced_topics_in_DS\Clock-Recognition-And-Manipulation-DL\ac_hands_ft_cropped\dataset\images\train\train_00020.jpg,C:\Users\danie\Desktop\DS\Degree\projects\Advanced_topics_in_DS\Clock-Recognition-And-Manipulation-DL\ac_hands_ft_cropped\dataset\labels\train\train_00020.txt
train,C:\Users\danie\Desktop\DS\Degree\projects\Advanced_topics_in_DS\Clock-Recognition-And-Manipulation-DL\analog_clock\data\from_internet_cropped\clock_crop_00065.jpg,C:\Users\danie\Desktop\DS\Degree\projects\Advanced_topics_in_DS\Clock-Recognition-And-Manipulation-DL\analog_clock\data\from_internet_cropped\clock_crop_00065.ann.json,C:\Users\danie\Desktop\DS\Degree\projects\Advanced_topics_in_DS\Clock-Recognition-And-Manipulation-DL\ac_hands_ft_cropped\dataset\images\train\train_00021.jpg,C:\Users\danie\Desktop\DS\Degree\projects\Advanced_topics_in_DS\Clock-Recognition-And-Manipulation-DL\ac_hands_ft_cropped\dataset\labels\train\train_00021.txt
train,C:\Users\danie\Desktop\DS\Degree\projects\Advanced_topics_in_DS\Clock-Recognition-And-Manipulation-DL\analog_clock\data\from_internet_cropped\clock_crop_00008.jpg,C:\Users\danie\Desktop\DS\Degree\projects\Advanced_topics_in_DS\Clock-Recognition-And-Manipulation-DL\analog_clock\data\from_internet_cropped\clock_crop_00008.ann.json,C:\Users\danie\Desktop\DS\Degree\projects\Advanced_topics_in_DS\Clock-Recognition-And-Manipulation-DL\ac_hands_ft_cropped\dataset\images\train\train_00022.jpg,C:\Users\danie\Desktop\DS\Degree\projects\Advanced_topics_in_DS\Clock-Recognition-And-Manipulation-DL\ac_hands_ft_cropped\dataset\labels\train\train_00022.txt
train,C:\Users\danie\Desktop\DS\Degree\projects\Advanced_topics_in_DS\Clock-Recognition-And-Manipulation-DL\analog_clock\data\from_internet_cropped\clock_crop_00021.jpg,C:\Users\danie\Desktop\DS\Degree\projects\Advanced_topics_in_DS\Clock-Recognition-And-Manipulation-DL\analog_clock\data\from_internet_cropped\clock_crop_00021.ann.json,C:\Users\danie\Desktop\DS\Degree\projects\Advanced_topics_in_DS\Clock-Recognition-And-Manipulation-DL\ac_hands_ft_cropped\dataset\images\train\train_00023.jpg,C:\Users\danie\Desktop\DS\Degree\projects\Advanced_topics_in_DS\Clock-Recognition-And-Manipulation-DL\ac_hands_ft_cropped\dataset\labels\train\train_00023.txt
train,C:\Users\danie\Desktop\DS\Degree\projects\Advanced_topics_in_DS\Clock-Recognition-And-Manipulation-DL\analog_clock\data\from_internet_cropped\clock_crop_00055.jpg,C:\Users\danie\Desktop\DS\Degree\projects\Advanced_topics_in_DS\Clock-Recognition-And-Manipulation-DL\analog_clock\data\from_internet_cropped\clock_crop_00055.ann.json,C:\Users\danie\Desktop\DS\Degree\projects\Advanced_topics_in_DS\Clock-Recognition-And-Manipulation-DL\ac_hands_ft_cropped\dataset\images\train\train_00024.jpg,C:\Users\danie\Desktop\DS\Degree\projects\Advanced_topics_in_DS\Clock-Recognition-And-Manipulation-DL\ac_hands_ft_cropped\dataset\labels\train\train_00024.txt
train,C:\Users\danie\Desktop\DS\Degree\projects\Advanced_topics_in_DS\Clock-Recognition-And-Manipulation-DL\analog_clock\data\from_internet_cropped\clock_crop_00097.jpg,C:\Users\danie\Desktop\DS\Degree\projects\Advanced_topics_in_DS\Clock-Recognition-And-Manipulation-DL\analog_clock\data\from_internet_cropped\clock_crop_00097.ann.json,C:\Users\danie\Desktop\DS\Degree\projects\Advanced_topics_in_DS\Clock-Recognition-And-Manipulation-DL\ac_hands_ft_cropped\dataset\images\train\train_00025.jpg,C:\Users\danie\Desktop\DS\Degree\projects\Advanced_topics_in_DS\Clock-Recognition-And-Manipulation-DL\ac_hands_ft_cropped\dataset\labels\train\train_00025.txt
train,C:\Users\danie\Desktop\DS\Degree\projects\Advanced_topics_in_DS\Clock-Recognition-And-Manipulation-DL\analog_clock\data\from_internet_cropped\clock_crop_00089.jpg,C:\Users\danie\Desktop\DS\Degree\projects\Advanced_topics_in_DS\Clock-Recognition-And-Manipulation-DL\analog_clock\data\from_internet_cropped\clock_crop_00089.ann.json,C:\Users\danie\Desktop\DS\Degree\projects\Advanced_topics_in_DS\Clock-Recognition-And-Manipulation-DL\ac_hands_ft_cropped\dataset\images\train\train_00026.jpg,C:\Users\danie\Desktop\DS\Degree\projects\Advanced_topics_in_DS\Clock-Recognition-And-Manipulation-DL\ac_hands_ft_cropped\dataset\labels\train\train_00026.txt
train,C:\Users\danie\Desktop\DS\Degree\projects\Advanced_topics_in_DS\Clock-Recognition-And-Manipulation-DL\analog_clock\data\from_internet_cropped\clock_crop_00042.jpg,C:\Users\danie\Desktop\DS\Degree\projects\Advanced_topics_in_DS\Clock-Recognition-And-Manipulation-DL\analog_clock\data\from_internet_cropped\clock_crop_00042.ann.json,C:\Users\danie\Desktop\DS\Degree\projects\Advanced_topics_in_DS\Clock-Recognition-And-Manipulation-DL\ac_hands_ft_cropped\dataset\images\train\train_00027.jpg,C:\Users\danie\Desktop\DS\Degree\projects\Advanced_topics_in_DS\Clock-Recognition-And-Manipulation-DL\ac_hands_ft_cropped\dataset\labels\train\train_00027.txt
train,C:\Users\danie\Desktop\DS\Degree\projects\Advanced_topics_in_DS\Clock-Recognition-And-Manipulation-DL\analog_clock\data\from_internet_cropped\clock_crop_00063.jpg,C:\Users\danie\Desktop\DS\Degree\projects\Advanced_topics_in_DS\Clock-Recognition-And-Manipulation-DL\analog_clock\data\from_internet_cropped\clock_crop_00063.ann.json,C:\Users\danie\Desktop\DS\Degree\projects\Advanced_topics_in_DS\Clock-Recognition-And-Manipulation-DL\ac_hands_ft_cropped\dataset\images\train\train_00028.jpg,C:\Users\danie\Desktop\DS\Degree\projects\Advanced_topics_in_DS\Clock-Recognition-And-Manipulation-DL\ac_hands_ft_cropped\dataset\labels\train\train_00028.txt
train,C:\Users\danie\Desktop\DS\Degree\projects\Advanced_topics_in_DS\Clock-Recognition-And-Manipulation-DL\analog_clock\data\from_internet_cropped\clock_crop_00026.jpg,C:\Users\danie\Desktop\DS\Degree\projects\Advanced_topics_in_DS\Clock-Recognition-And-Manipulation-DL\analog_clock\data\from_internet_cropped\clock_crop_00026.ann.json,C:\Users\danie\Desktop\DS\Degree\projects\Advanced_topics_in_DS\Clock-Recognition-And-Manipulation-DL\ac_hands_ft_cropped\dataset\images\train\train_00029.jpg,C:\Users\danie\Desktop\DS\Degree\projects\Advanced_topics_in_DS\Clock-Recognition-And-Manipulation-DL\ac_hands_ft_cropped\dataset\labels\train\train_00029.txt
train,C:\Users\danie\Desktop\DS\Degree\projects\Advanced_topics_in_DS\Clock-Recognition-And-Manipulation-DL\analog_clock\data\from_internet_cropped\clock_crop_00079.png,C:\Users\danie\Desktop\DS\Degree\projects\Advanced_topics_in_DS\Clock-Recognition-And-Manipulation-DL\analog_clock\data\from_internet_cropped\clock_crop_00079.ann.json,C:\Users\danie\Desktop\DS\Degree\projects\Advanced_topics_in_DS\Clock-Recognition-And-Manipulation-DL\ac_hands_ft_cropped\dataset\images\train\train_00030.png,C:\Users\danie\Desktop\DS\Degree\projects\Advanced_topics_in_DS\Clock-Recognition-And-Manipulation-DL\ac_hands_ft_cropped\dataset\labels\train\train_00030.txt
train,C:\Users\danie\Desktop\DS\Degree\projects\Advanced_topics_in_DS\Clock-Recognition-And-Manipulation-DL\analog_clock\data\from_internet_cropped\clock_crop_00052.jpg,C:\Users\danie\Desktop\DS\Degree\projects\Advanced_topics_in_DS\Clock-Recognition-And-Manipulation-DL\analog_clock\data\from_internet_cropped\clock_crop_00052.ann.json,C:\Users\danie\Desktop\DS\Degree\projects\Advanced_topics_in_DS\Clock-Recognition-And-Manipulation-DL\ac_hands_ft_cropped\dataset\images\train\train_00031.jpg,C:\Users\danie\Desktop\DS\Degree\projects\Advanced_topics_in_DS\Clock-Recognition-And-Manipulation-DL\ac_hands_ft_cropped\dataset\labels\train\train_00031.txt
train,C:\Users\danie\Desktop\DS\Degree\projects\Advanced_topics_in_DS\Clock-Recognition-And-Manipulation-DL\analog_clock\data\from_internet_cropped\clock_crop_00095.png,C:\Users\danie\Desktop\DS\Degree\projects\Advanced_topics_in_DS\Clock-Recognition-And-Manipulation-DL\analog_clock\data\from_internet_cropped\clock_crop_00095.ann.json,C:\Users\danie\Desktop\DS\Degree\projects\Advanced_topics_in_DS\Clock-Recognition-And-Manipulation-DL\ac_hands_ft_cropped\dataset\images\train\train_00032.png,C:\Users\danie\Desktop\DS\Degree\projects\Advanced_topics_in_DS\Clock-Recognition-And-Manipulation-DL\ac_hands_ft_cropped\dataset\labels\train\train_00032.txt
train,C:\Users\danie\Desktop\DS\Degree\projects\Advanced_topics_in_DS\Clock-Recognition-And-Manipulation-DL\analog_clock\data\from_internet_cropped\clock_crop_00049.jpg,C:\Users\danie\Desktop\DS\Degree\projects\Advanced_topics_in_DS\Clock-Recognition-And-Manipulation-DL\analog_clock\data\from_internet_cropped\clock_crop_00049.ann.json,C:\Users\danie\Desktop\DS\Degree\projects\Advanced_topics_in_DS\Clock-Recognition-And-Manipulation-DL\ac_hands_ft_cropped\dataset\images\train\train_00033.jpg,C:\Users\danie\Desktop\DS\Degree\projects\Advanced_topics_in_DS\Clock-Recognition-And-Manipulation-DL\ac_hands_ft_cropped\dataset\labels\train\train_00033.txt
train,C:\Users\danie\Desktop\DS\Degree\projects\Advanced_topics_in_DS\Clock-Recognition-And-Manipulation-DL\analog_clock\data\from_internet_cropped\clock_crop_00061.jpg,C:\Users\danie\Desktop\DS\Degree\projects\Advanced_topics_in_DS\Clock-Recognition-And-Manipulation-DL\analog_clock\data\from_internet_cropped\clock_crop_00061.ann.json,C:\Users\danie\Desktop\DS\Degree\projects\Advanced_topics_in_DS\Clock-Recognition-And-Manipulation-DL\ac_hands_ft_cropped\dataset\images\train\train_00034.jpg,C:\Users\danie\Desktop\DS\Degree\projects\Advanced_topics_in_DS\Clock-Recognition-And-Manipulation-DL\ac_hands_ft_cropped\dataset\labels\train\train_00034.txt
train,C:\Users\danie\Desktop\DS\Degree\projects\Advanced_topics_in_DS\Clock-Recognition-And-Manipulation-DL\analog_clock\data\from_internet_cropped\clock_crop_00074.png,C:\Users\danie\Desktop\DS\Degree\projects\Advanced_topics_in_DS\Clock-Recognition-And-Manipulation-DL\analog_clock\data\from_internet_cropped\clock_crop_00074.ann.json,C:\Users\danie\Desktop\DS\Degree\projects\Advanced_topics_in_DS\Clock-Recognition-And-Manipulation-DL\ac_hands_ft_cropped\dataset\images\train\train_00035.png,C:\Users\danie\Desktop\DS\Degree\projects\Advanced_topics_in_DS\Clock-Recognition-And-Manipulation-DL\ac_hands_ft_cropped\dataset\labels\train\train_00035.txt
train,C:\Users\danie\Desktop\DS\Degree\projects\Advanced_topics_in_DS\Clock-Recognition-And-Manipulation-DL\analog_clock\data\from_internet_cropped\clock_crop_00048.jpg,C:\Users\danie\Desktop\DS\Degree\projects\Advanced_topics_in_DS\Clock-Recognition-And-Manipulation-DL\analog_clock\data\from_internet_cropped\clock_crop_00048.ann.json,C:\Users\danie\Desktop\DS\Degree\projects\Advanced_topics_in_DS\Clock-Recognition-And-Manipulation-DL\ac_hands_ft_cropped\dataset\images\train\train_00036.jpg,C:\Users\danie\Desktop\DS\Degree\projects\Advanced_topics_in_DS\Clock-Recognition-And-Manipulation-DL\ac_hands_ft_cropped\dataset\labels\train\train_00036.txt
train,C:\Users\danie\Desktop\DS\Degree\projects\Advanced_topics_in_DS\Clock-Recognition-And-Manipulation-DL\analog_clock\data\from_internet_cropped\clock_crop_00076.webp,C:\Users\danie\Desktop\DS\Degree\projects\Advanced_topics_in_DS\Clock-Recognition-And-Manipulation-DL\analog_clock\data\from_internet_cropped\clock_crop_00076.ann.json,C:\Users\danie\Desktop\DS\Degree\projects\Advanced_topics_in_DS\Clock-Recognition-And-Manipulation-DL\ac_hands_ft_cropped\dataset\images\train\train_00037.webp,C:\Users\danie\Desktop\DS\Degree\projects\Advanced_topics_in_DS\Clock-Recognition-And-Manipulation-DL\ac_hands_ft_cropped\dataset\labels\train\train_00037.txt
train,C:\Users\danie\Desktop\DS\Degree\projects\Advanced_topics_in_DS\Clock-Recognition-And-Manipulation-DL\analog_clock\data\from_internet_cropped\clock_crop_00101.png,C:\Users\danie\Desktop\DS\Degree\projects\Advanced_topics_in_DS\Clock-Recognition-And-Manipulation-DL\analog_clock\data\from_internet_cropped\clock_crop_00101.ann.json,C:\Users\danie\Desktop\DS\Degree\projects\Advanced_topics_in_DS\Clock-Recognition-And-Manipulation-DL\ac_hands_ft_cropped\dataset\images\train\train_00038.png,C:\Users\danie\Desktop\DS\Degree\projects\Advanced_topics_in_DS\Clock-Recognition-And-Manipulation-DL\ac_hands_ft_cropped\dataset\labels\train\train_00038.txt
train,C:\Users\danie\Desktop\DS\Degree\projects\Advanced_topics_in_DS\Clock-Recognition-And-Manipulation-DL\analog_clock\data\from_internet_cropped\clock_crop_00059.png,C:\Users\danie\Desktop\DS\Degree\projects\Advanced_topics_in_DS\Clock-Recognition-And-Manipulation-DL\analog_clock\data\from_internet_cropped\clock_crop_00059.ann.json,C:\Users\danie\Desktop\DS\Degree\projects\Advanced_topics_in_DS\Clock-Recognition-And-Manipulation-DL\ac_hands_ft_cropped\dataset\images\train\train_00039.png,C:\Users\danie\Desktop\DS\Degree\projects\Advanced_topics_in_DS\Clock-Recognition-And-Manipulation-DL\ac_hands_ft_cropped\dataset\labels\train\train_00039.txt
train,C:\Users\danie\Desktop\DS\Degree\projects\Advanced_topics_in_DS\Clock-Recognition-And-Manipulation-DL\analog_clock\data\from_internet_cropped\clock_crop_00087.jpg,C:\Users\danie\Desktop\DS\Degree\projects\Advanced_topics_in_DS\Clock-Recognition-And-Manipulation-DL\analog_clock\data\from_internet_cropped\clock_crop_00087.ann.json,C:\Users\danie\Desktop\DS\Degree\projects\Advanced_topics_in_DS\Clock-Recognition-And-Manipulation-DL\ac_hands_ft_cropped\dataset\images\train\train_00040.jpg,C:\Users\danie\Desktop\DS\Degree\projects\Advanced_topics_in_DS\Clock-Recognition-And-Manipulation-DL\ac_hands_ft_cropped\dataset\labels\train\train_00040.txt
train,C:\Users\danie\Desktop\DS\Degree\projects\Advanced_topics_in_DS\Clock-Recognition-And-Manipulation-DL\analog_clock\data\from_internet_cropped\clock_crop_00012.jpg,C:\Users\danie\Desktop\DS\Degree\projects\Advanced_topics_in_DS\Clock-Recognition-And-Manipulation-DL\analog_clock\data\from_internet_cropped\clock_crop_00012.ann.json,C:\Users\danie\Desktop\DS\Degree\projects\Advanced_topics_in_DS\Clock-Recognition-And-Manipulation-DL\ac_hands_ft_cropped\dataset\images\train\train_00041.jpg,C:\Users\danie\Desktop\DS\Degree\projects\Advanced_topics_in_DS\Clock-Recognition-And-Manipulation-DL\ac_hands_ft_cropped\dataset\labels\train\train_00041.txt
train,C:\Users\danie\Desktop\DS\Degree\projects\Advanced_topics_in_DS\Clock-Recognition-And-Manipulation-DL\analog_clock\data\from_internet_cropped\clock_crop_00036.jpg,C:\Users\danie\Desktop\DS\Degree\projects\Advanced_topics_in_DS\Clock-Recognition-And-Manipulation-DL\analog_clock\data\from_internet_cropped\clock_crop_00036.ann.json,C:\Users\danie\Desktop\DS\Degree\projects\Advanced_topics_in_DS\Clock-Recognition-And-Manipulation-DL\ac_hands_ft_cropped\dataset\images\train\train_00042.jpg,C:\Users\danie\Desktop\DS\Degree\projects\Advanced_topics_in_DS\Clock-Recognition-And-Manipulation-DL\ac_hands_ft_cropped\dataset\labels\train\train_00042.txt
train,C:\Users\danie\Desktop\DS\Degree\projects\Advanced_topics_in_DS\Clock-Recognition-And-Manipulation-DL\analog_clock\data\from_internet_cropped\clock_crop_00023.jpg,C:\Users\danie\Desktop\DS\Degree\projects\Advanced_topics_in_DS\Clock-Recognition-And-Manipulation-DL\analog_clock\data\from_internet_cropped\clock_crop_00023.ann.json,C:\Users\danie\Desktop\DS\Degree\projects\Advanced_topics_in_DS\Clock-Recognition-And-Manipulation-DL\ac_hands_ft_cropped\dataset\images\train\train_00043.jpg,C:\Users\danie\Desktop\DS\Degree\projects\Advanced_topics_in_DS\Clock-Recognition-And-Manipulation-DL\ac_hands_ft_cropped\dataset\labels\train\train_00043.txt
train,C:\Users\danie\Desktop\DS\Degree\projects\Advanced_topics_in_DS\Clock-Recognition-And-Manipulation-DL\analog_clock\data\from_internet_cropped\clock_crop_00039.jpg,C:\Users\danie\Desktop\DS\Degree\projects\Advanced_topics_in_DS\Clock-Recognition-And-Manipulation-DL\analog_clock\data\from_internet_cropped\clock_crop_00039.ann.json,C:\Users\danie\Desktop\DS\Degree\projects\Advanced_topics_in_DS\Clock-Recognition-And-Manipulation-DL\ac_hands_ft_cropped\dataset\images\train\train_00044.jpg,C:\Users\danie\Desktop\DS\Degree\projects\Advanced_topics_in_DS\Clock-Recognition-And-Manipulation-DL\ac_hands_ft_cropped\dataset\labels\train\train_00044.txt
train,C:\Users\danie\Desktop\DS\Degree\projects\Advanced_topics_in_DS\Clock-Recognition-And-Manipulation-DL\analog_clock\data\from_internet_cropped\clock_crop_00040.jpg,C:\Users\danie\Desktop\DS\Degree\projects\Advanced_topics_in_DS\Clock-Recognition-And-Manipulation-DL\analog_clock\data\from_internet_cropped\clock_crop_00040.ann.json,C:\Users\danie\Desktop\DS\Degree\projects\Advanced_topics_in_DS\Clock-Recognition-And-Manipulation-DL\ac_hands_ft_cropped\dataset\images\train\train_00045.jpg,C:\Users\danie\Desktop\DS\Degree\projects\Advanced_topics_in_DS\Clock-Recognition-And-Manipulation-DL\ac_hands_ft_cropped\dataset\labels\train\train_00045.txt
train,C:\Users\danie\Desktop\DS\Degree\projects\Advanced_topics_in_DS\Clock-Recognition-And-Manipulation-DL\analog_clock\data\from_internet_cropped\clock_crop_00018.jpg,C:\Users\danie\Desktop\DS\Degree\projects\Advanced_topics_in_DS\Clock-Recognition-And-Manipulation-DL\analog_clock\data\from_internet_cropped\clock_crop_00018.ann.json,C:\Users\danie\Desktop\DS\Degree\projects\Advanced_topics_in_DS\Clock-Recognition-And-Manipulation-DL\ac_hands_ft_cropped\dataset\images\train\train_00046.jpg,C:\Users\danie\Desktop\DS\Degree\projects\Advanced_topics_in_DS\Clock-Recognition-And-Manipulation-DL\ac_hands_ft_cropped\dataset\labels\train\train_00046.txt
train,C:\Users\danie\Desktop\DS\Degree\projects\Advanced_topics_in_DS\Clock-Recognition-And-Manipulation-DL\analog_clock\data\from_internet_cropped\clock_crop_00068.jpg,C:\Users\danie\Desktop\DS\Degree\projects\Advanced_topics_in_DS\Clock-Recognition-And-Manipulation-DL\analog_clock\data\from_internet_cropped\clock_crop_00068.ann.json,C:\Users\danie\Desktop\DS\Degree\projects\Advanced_topics_in_DS\Clock-Recognition-And-Manipulation-DL\ac_hands_ft_cropped\dataset\images\train\train_00047.jpg,C:\Users\danie\Desktop\DS\Degree\projects\Advanced_topics_in_DS\Clock-Recognition-And-Manipulation-DL\ac_hands_ft_cropped\dataset\labels\train\train_00047.txt
train,C:\Users\danie\Desktop\DS\Degree\projects\Advanced_topics_in_DS\Clock-Recognition-And-Manipulation-DL\analog_clock\data\from_internet_cropped\clock_crop_00005.jpg,C:\Users\danie\Desktop\DS\Degree\projects\Advanced_topics_in_DS\Clock-Recognition-And-Manipulation-DL\analog_clock\data\from_internet_cropped\clock_crop_00005.ann.json,C:\Users\danie\Desktop\DS\Degree\projects\Advanced_topics_in_DS\Clock-Recognition-And-Manipulation-DL\ac_hands_ft_cropped\dataset\images\train\train_00048.jpg,C:\Users\danie\Desktop\DS\Degree\projects\Advanced_topics_in_DS\Clock-Recognition-And-Manipulation-DL\ac_hands_ft_cropped\dataset\labels\train\train_00048.txt
train,C:\Users\danie\Desktop\DS\Degree\projects\Advanced_topics_in_DS\Clock-Recognition-And-Manipulation-DL\analog_clock\data\from_internet_cropped\clock_crop_00062.jpg,C:\Users\danie\Desktop\DS\Degree\projects\Advanced_topics_in_DS\Clock-Recognition-And-Manipulation-DL\analog_clock\data\from_internet_cropped\clock_crop_00062.ann.json,C:\Users\danie\Desktop\DS\Degree\projects\Advanced_topics_in_DS\Clock-Recognition-And-Manipulation-DL\ac_hands_ft_cropped\dataset\images\train\train_00049.jpg,C:\Users\danie\Desktop\DS\Degree\projects\Advanced_topics_in_DS\Clock-Recognition-And-Manipulation-DL\ac_hands_ft_cropped\dataset\labels\train\train_00049.txt
train,C:\Users\danie\Desktop\DS\Degree\projects\Advanced_topics_in_DS\Clock-Recognition-And-Manipulation-DL\analog_clock\data\from_internet_cropped\clock_crop_00007.jpg,C:\Users\danie\Desktop\DS\Degree\projects\Advanced_topics_in_DS\Clock-Recognition-And-Manipulation-DL\analog_clock\data\from_internet_cropped\clock_crop_00007.ann.json,C:\Users\danie\Desktop\DS\Degree\projects\Advanced_topics_in_DS\Clock-Recognition-And-Manipulation-DL\ac_hands_ft_cropped\dataset\images\train\train_00050.jpg,C:\Users\danie\Desktop\DS\Degree\projects\Advanced_topics_in_DS\Clock-Recognition-And-Manipulation-DL\ac_hands_ft_cropped\dataset\labels\train\train_00050.txt
train,C:\Users\danie\Desktop\DS\Degree\projects\Advanced_topics_in_DS\Clock-Recognition-And-Manipulation-DL\analog_clock\data\from_internet_cropped\clock_crop_00034.jpg,C:\Users\danie\Desktop\DS\Degree\projects\Advanced_topics_in_DS\Clock-Recognition-And-Manipulation-DL\analog_clock\data\from_internet_cropped\clock_crop_00034.ann.json,C:\Users\danie\Desktop\DS\Degree\projects\Advanced_topics_in_DS\Clock-Recognition-And-Manipulation-DL\ac_hands_ft_cropped\dataset\images\train\train_00051.jpg,C:\Users\danie\Desktop\DS\Degree\projects\Advanced_topics_in_DS\Clock-Recognition-And-Manipulation-DL\ac_hands_ft_cropped\dataset\labels\train\train_00051.txt
train,C:\Users\danie\Desktop\DS\Degree\projects\Advanced_topics_in_DS\Clock-Recognition-And-Manipulation-DL\analog_clock\data\from_internet_cropped\clock_crop_00083.jpg,C:\Users\danie\Desktop\DS\Degree\projects\Advanced_topics_in_DS\Clock-Recognition-And-Manipulation-DL\analog_clock\data\from_internet_cropped\clock_crop_00083.ann.json,C:\Users\danie\Desktop\DS\Degree\projects\Advanced_topics_in_DS\Clock-Recognition-And-Manipulation-DL\ac_hands_ft_cropped\dataset\images\train\train_00052.jpg,C:\Users\danie\Desktop\DS\Degree\projects\Advanced_topics_in_DS\Clock-Recognition-And-Manipulation-DL\ac_hands_ft_cropped\dataset\labels\train\train_00052.txt
train,C:\Users\danie\Desktop\DS\Degree\projects\Advanced_topics_in_DS\Clock-Recognition-And-Manipulation-DL\analog_clock\data\from_internet_cropped\clock_crop_00046.jpg,C:\Users\danie\Desktop\DS\Degree\projects\Advanced_topics_in_DS\Clock-Recognition-And-Manipulation-DL\analog_clock\data\from_internet_cropped\clock_crop_00046.ann.json,C:\Users\danie\Desktop\DS\Degree\projects\Advanced_topics_in_DS\Clock-Recognition-And-Manipulation-DL\ac_hands_ft_cropped\dataset\images\train\train_00053.jpg,C:\Users\danie\Desktop\DS\Degree\projects\Advanced_topics_in_DS\Clock-Recognition-And-Manipulation-DL\ac_hands_ft_cropped\dataset\labels\train\train_00053.txt
train,C:\Users\danie\Desktop\DS\Degree\projects\Advanced_topics_in_DS\Clock-Recognition-And-Manipulation-DL\analog_clock\data\from_internet_cropped\clock_crop_00002.jpg,C:\Users\danie\Desktop\DS\Degree\projects\Advanced_topics_in_DS\Clock-Recognition-And-Manipulation-DL\analog_clock\data\from_internet_cropped\clock_crop_00002.ann.json,C:\Users\danie\Desktop\DS\Degree\projects\Advanced_topics_in_DS\Clock-Recognition-And-Manipulation-DL\ac_hands_ft_cropped\dataset\images\train\train_00054.jpg,C:\Users\danie\Desktop\DS\Degree\projects\Advanced_topics_in_DS\Clock-Recognition-And-Manipulation-DL\ac_hands_ft_cropped\dataset\labels\train\train_00054.txt
train,C:\Users\danie\Desktop\DS\Degree\projects\Advanced_topics_in_DS\Clock-Recognition-And-Manipulation-DL\analog_clock\data\from_internet_cropped\clock_crop_00051.jpg,C:\Users\danie\Desktop\DS\Degree\projects\Advanced_topics_in_DS\Clock-Recognition-And-Manipulation-DL\analog_clock\data\from_internet_cropped\clock_crop_00051.ann.json,C:\Users\danie\Desktop\DS\Degree\projects\Advanced_topics_in_DS\Clock-Recognition-And-Manipulation-DL\ac_hands_ft_cropped\dataset\images\train\train_00055.jpg,C:\Users\danie\Desktop\DS\Degree\projects\Advanced_topics_in_DS\Clock-Recognition-And-Manipulation-DL\ac_hands_ft_cropped\dataset\labels\train\train_00055.txt
train,C:\Users\danie\Desktop\DS\Degree\projects\Advanced_topics_in_DS\Clock-Recognition-And-Manipulation-DL\analog_clock\data\from_internet_cropped\clock_crop_00016.png,C:\Users\danie\Desktop\DS\Degree\projects\Advanced_topics_in_DS\Clock-Recognition-And-Manipulation-DL\analog_clock\data\from_internet_cropped\clock_crop_00016.ann.json,C:\Users\danie\Desktop\DS\Degree\projects\Advanced_topics_in_DS\Clock-Recognition-And-Manipulation-DL\ac_hands_ft_cropped\dataset\images\train\train_00056.png,C:\Users\danie\Desktop\DS\Degree\projects\Advanced_topics_in_DS\Clock-Recognition-And-Manipulation-DL\ac_hands_ft_cropped\dataset\labels\train\train_00056.txt
train,C:\Users\danie\Desktop\DS\Degree\projects\Advanced_topics_in_DS\Clock-Recognition-And-Manipulation-DL\analog_clock\data\from_internet_cropped\clock_crop_00038.png,C:\Users\danie\Desktop\DS\Degree\projects\Advanced_topics_in_DS\Clock-Recognition-And-Manipulation-DL\analog_clock\data\from_internet_cropped\clock_crop_00038.ann.json,C:\Users\danie\Desktop\DS\Degree\projects\Advanced_topics_in_DS\Clock-Recognition-And-Manipulation-DL\ac_hands_ft_cropped\dataset\images\train\train_00057.png,C:\Users\danie\Desktop\DS\Degree\projects\Advanced_topics_in_DS\Clock-Recognition-And-Manipulation-DL\ac_hands_ft_cropped\dataset\labels\train\train_00057.txt
train,C:\Users\danie\Desktop\DS\Degree\projects\Advanced_topics_in_DS\Clock-Recognition-And-Manipulation-DL\analog_clock\data\from_internet_cropped\clock_crop_00060.jpg,C:\Users\danie\Desktop\DS\Degree\projects\Advanced_topics_in_DS\Clock-Recognition-And-Manipulation-DL\analog_clock\data\from_internet_cropped\clock_crop_00060.ann.json,C:\Users\danie\Desktop\DS\Degree\projects\Advanced_topics_in_DS\Clock-Recognition-And-Manipulation-DL\ac_hands_ft_cropped\dataset\images\train\train_00058.jpg,C:\Users\danie\Desktop\DS\Degree\projects\Advanced_topics_in_DS\Clock-Recognition-And-Manipulation-DL\ac_hands_ft_cropped\dataset\labels\train\train_00058.txt
train,C:\Users\danie\Desktop\DS\Degree\projects\Advanced_topics_in_DS\Clock-Recognition-And-Manipulation-DL\analog_clock\data\from_internet_cropped\clock_crop_00070.jpg,C:\Users\danie\Desktop\DS\Degree\projects\Advanced_topics_in_DS\Clock-Recognition-And-Manipulation-DL\analog_clock\data\from_internet_cropped\clock_crop_00070.ann.json,C:\Users\danie\Desktop\DS\Degree\projects\Advanced_topics_in_DS\Clock-Recognition-And-Manipulation-DL\ac_hands_ft_cropped\dataset\images\train\train_00059.jpg,C:\Users\danie\Desktop\DS\Degree\projects\Advanced_topics_in_DS\Clock-Recognition-And-Manipulation-DL\ac_hands_ft_cropped\dataset\labels\train\train_00059.txt
train,C:\Users\danie\Desktop\DS\Degree\projects\Advanced_topics_in_DS\Clock-Recognition-And-Manipulation-DL\analog_clock\data\from_internet_cropped\clock_crop_00022.jpg,C:\Users\danie\Desktop\DS\Degree\projects\Advanced_topics_in_DS\Clock-Recognition-And-Manipulation-DL\analog_clock\data\from_internet_cropped\clock_crop_00022.ann.json,C:\Users\danie\Desktop\DS\Degree\projects\Advanced_topics_in_DS\Clock-Recognition-And-Manipulation-DL\ac_hands_ft_cropped\dataset\images\train\train_00060.jpg,C:\Users\danie\Desktop\DS\Degree\projects\Advanced_topics_in_DS\Clock-Recognition-And-Manipulation-DL\ac_hands_ft_cropped\dataset\labels\train\train_00060.txt
train,C:\Users\danie\Desktop\DS\Degree\projects\Advanced_topics_in_DS\Clock-Recognition-And-Manipulation-DL\analog_clock\data\from_internet_cropped\clock_crop_00006.png,C:\Users\danie\Desktop\DS\Degree\projects\Advanced_topics_in_DS\Clock-Recognition-And-Manipulation-DL\analog_clock\data\from_internet_cropped\clock_crop_00006.ann.json,C:\Users\danie\Desktop\DS\Degree\projects\Advanced_topics_in_DS\Clock-Recognition-And-Manipulation-DL\ac_hands_ft_cropped\dataset\images\train\train_00061.png,C:\Users\danie\Desktop\DS\Degree\projects\Advanced_topics_in_DS\Clock-Recognition-And-Manipulation-DL\ac_hands_ft_cropped\dataset\labels\train\train_00061.txt
train,C:\Users\danie\Desktop\DS\Degree\projects\Advanced_topics_in_DS\Clock-Recognition-And-Manipulation-DL\analog_clock\data\from_internet_cropped\clock_crop_00024.jpg,C:\Users\danie\Desktop\DS\Degree\projects\Advanced_topics_in_DS\Clock-Recognition-And-Manipulation-DL\analog_clock\data\from_internet_cropped\clock_crop_00024.ann.json,C:\Users\danie\Desktop\DS\Degree\projects\Advanced_topics_in_DS\Clock-Recognition-And-Manipulation-DL\ac_hands_ft_cropped\dataset\images\train\train_00062.jpg,C:\Users\danie\Desktop\DS\Degree\projects\Advanced_topics_in_DS\Clock-Recognition-And-Manipulation-DL\ac_hands_ft_cropped\dataset\labels\train\train_00062.txt
train,C:\Users\danie\Desktop\DS\Degree\projects\Advanced_topics_in_DS\Clock-Recognition-And-Manipulation-DL\analog_clock\data\from_internet_cropped\clock_crop_00085.jpg,C:\Users\danie\Desktop\DS\Degree\projects\Advanced_topics_in_DS\Clock-Recognition-And-Manipulation-DL\analog_clock\data\from_internet_cropped\clock_crop_00085.ann.json,C:\Users\danie\Desktop\DS\Degree\projects\Advanced_topics_in_DS\Clock-Recognition-And-Manipulation-DL\ac_hands_ft_cropped\dataset\images\train\train_00063.jpg,C:\Users\danie\Desktop\DS\Degree\projects\Advanced_topics_in_DS\Clock-Recognition-And-Manipulation-DL\ac_hands_ft_cropped\dataset\labels\train\train_00063.txt
train,C:\Users\danie\Desktop\DS\Degree\projects\Advanced_topics_in_DS\Clock-Recognition-And-Manipulation-DL\analog_clock\data\from_internet_cropped\clock_crop_00093.jpg,C:\Users\danie\Desktop\DS\Degree\projects\Advanced_topics_in_DS\Clock-Recognition-And-Manipulation-DL\analog_clock\data\from_internet_cropped\clock_crop_00093.ann.json,C:\Users\danie\Desktop\DS\Degree\projects\Advanced_topics_in_DS\Clock-Recognition-And-Manipulation-DL\ac_hands_ft_cropped\dataset\images\train\train_00064.jpg,C:\Users\danie\Desktop\DS\Degree\projects\Advanced_topics_in_DS\Clock-Recognition-And-Manipulation-DL\ac_hands_ft_cropped\dataset\labels\train\train_00064.txt
train,C:\Users\danie\Desktop\DS\Degree\projects\Advanced_topics_in_DS\Clock-Recognition-And-Manipulation-DL\analog_clock\data\from_internet_cropped\clock_crop_00102.jpg,C:\Users\danie\Desktop\DS\Degree\projects\Advanced_topics_in_DS\Clock-Recognition-And-Manipulation-DL\analog_clock\data\from_internet_cropped\clock_crop_00102.ann.json,C:\Users\danie\Desktop\DS\Degree\projects\Advanced_topics_in_DS\Clock-Recognition-And-Manipulation-DL\ac_hands_ft_cropped\dataset\images\train\train_00065.jpg,C:\Users\danie\Desktop\DS\Degree\projects\Advanced_topics_in_DS\Clock-Recognition-And-Manipulation-DL\ac_hands_ft_cropped\dataset\labels\train\train_00065.txt
train,C:\Users\danie\Desktop\DS\Degree\projects\Advanced_topics_in_DS\Clock-Recognition-And-Manipulation-DL\analog_clock\data\from_internet_cropped\clock_crop_00084.png,C:\Users\danie\Desktop\DS\Degree\projects\Advanced_topics_in_DS\Clock-Recognition-And-Manipulation-DL\analog_clock\data\from_internet_cropped\clock_crop_00084.ann.json,C:\Users\danie\Desktop\DS\Degree\projects\Advanced_topics_in_DS\Clock-Recognition-And-Manipulation-DL\ac_hands_ft_cropped\dataset\images\train\train_00066.png,C:\Users\danie\Desktop\DS\Degree\projects\Advanced_topics_in_DS\Clock-Recognition-And-Manipulation-DL\ac_hands_ft_cropped\dataset\labels\train\train_00066.txt
train,C:\Users\danie\Desktop\DS\Degree\projects\Advanced_topics_in_DS\Clock-Recognition-And-Manipulation-DL\analog_clock\data\from_internet_cropped\clock_crop_00019.png,C:\Users\danie\Desktop\DS\Degree\projects\Advanced_topics_in_DS\Clock-Recognition-And-Manipulation-DL\analog_clock\data\from_internet_cropped\clock_crop_00019.ann.json,C:\Users\danie\Desktop\DS\Degree\projects\Advanced_topics_in_DS\Clock-Recognition-And-Manipulation-DL\ac_hands_ft_cropped\dataset\images\train\train_00067.png,C:\Users\danie\Desktop\DS\Degree\projects\Advanced_topics_in_DS\Clock-Recognition-And-Manipulation-DL\ac_hands_ft_cropped\dataset\labels\train\train_00067.txt
train,C:\Users\danie\Desktop\DS\Degree\projects\Advanced_topics_in_DS\Clock-Recognition-And-Manipulation-DL\analog_clock\data\from_internet_cropped\clock_crop_00073.jpg,C:\Users\danie\Desktop\DS\Degree\projects\Advanced_topics_in_DS\Clock-Recognition-And-Manipulation-DL\analog_clock\data\from_internet_cropped\clock_crop_00073.ann.json,C:\Users\danie\Desktop\DS\Degree\projects\Advanced_topics_in_DS\Clock-Recognition-And-Manipulation-DL\ac_hands_ft_cropped\dataset\images\train\train_00068.jpg,C:\Users\danie\Desktop\DS\Degree\projects\Advanced_topics_in_DS\Clock-Recognition-And-Manipulation-DL\ac_hands_ft_cropped\dataset\labels\train\train_00068.txt
train,C:\Users\danie\Desktop\DS\Degree\projects\Advanced_topics_in_DS\Clock-Recognition-And-Manipulation-DL\analog_clock\data\from_internet_cropped\clock_crop_00043.jpg,C:\Users\danie\Desktop\DS\Degree\projects\Advanced_topics_in_DS\Clock-Recognition-And-Manipulation-DL\analog_clock\data\from_internet_cropped\clock_crop_00043.ann.json,C:\Users\danie\Desktop\DS\Degree\projects\Advanced_topics_in_DS\Clock-Recognition-And-Manipulation-DL\ac_hands_ft_cropped\dataset\images\train\train_00069.jpg,C:\Users\danie\Desktop\DS\Degree\projects\Advanced_topics_in_DS\Clock-Recognition-And-Manipulation-DL\ac_hands_ft_cropped\dataset\labels\train\train_00069.txt
train,C:\Users\danie\Desktop\DS\Degree\projects\Advanced_topics_in_DS\Clock-Recognition-And-Manipulation-DL\analog_clock\data\from_internet_cropped\clock_crop_00088.jpg,C:\Users\danie\Desktop\DS\Degree\projects\Advanced_topics_in_DS\Clock-Recognition-And-Manipulation-DL\analog_clock\data\from_internet_cropped\clock_crop_00088.ann.json,C:\Users\danie\Desktop\DS\Degree\projects\Advanced_topics_in_DS\Clock-Recognition-And-Manipulation-DL\ac_hands_ft_cropped\dataset\images\train\train_00070.jpg,C:\Users\danie\Desktop\DS\Degree\projects\Advanced_topics_in_DS\Clock-Recognition-And-Manipulation-DL\ac_hands_ft_cropped\dataset\labels\train\train_00070.txt
train,C:\Users\danie\Desktop\DS\Degree\projects\Advanced_topics_in_DS\Clock-Recognition-And-Manipulation-DL\analog_clock\data\from_internet_cropped\clock_crop_00020.jpg,C:\Users\danie\Desktop\DS\Degree\projects\Advanced_topics_in_DS\Clock-Recognition-And-Manipulation-DL\analog_clock\data\from_internet_cropped\clock_crop_00020.ann.json,C:\Users\danie\Desktop\DS\Degree\projects\Advanced_topics_in_DS\Clock-Recognition-And-Manipulation-DL\ac_hands_ft_cropped\dataset\images\train\train_00071.jpg,C:\Users\danie\Desktop\DS\Degree\projects\Advanced_topics_in_DS\Clock-Recognition-And-Manipulation-DL\ac_hands_ft_cropped\dataset\labels\train\train_00071.txt
val,C:\Users\danie\Desktop\DS\Degree\projects\Advanced_topics_in_DS\Clock-Recognition-And-Manipulation-DL\analog_clock\data\from_internet_cropped\clock_crop_00000.jpg,C:\Users\danie\Desktop\DS\Degree\projects\Advanced_topics_in_DS\Clock-Recognition-And-Manipulation-DL\analog_clock\data\from_internet_cropped\clock_crop_00000.ann.json,C:\Users\danie\Desktop\DS\Degree\projects\Advanced_topics_in_DS\Clock-Recognition-And-Manipulation-DL\ac_hands_ft_cropped\dataset\images\val\val_00000.jpg,C:\Users\danie\Desktop\DS\Degree\projects\Advanced_topics_in_DS\Clock-Recognition-And-Manipulation-DL\ac_hands_ft_cropped\dataset\labels\val\val_00000.txt
val,C:\Users\danie\Desktop\DS\Degree\projects\Advanced_topics_in_DS\Clock-Recognition-And-Manipulation-DL\analog_clock\data\from_internet_cropped\clock_crop_00098.jpg,C:\Users\danie\Desktop\DS\Degree\projects\Advanced_topics_in_DS\Clock-Recognition-And-Manipulation-DL\analog_clock\data\from_internet_cropped\clock_crop_00098.ann.json,C:\Users\danie\Desktop\DS\Degree\projects\Advanced_topics_in_DS\Clock-Recognition-And-Manipulation-DL\ac_hands_ft_cropped\dataset\images\val\val_00001.jpg,C:\Users\danie\Desktop\DS\Degree\projects\Advanced_topics_in_DS\Clock-Recognition-And-Manipulation-DL\ac_hands_ft_cropped\dataset\labels\val\val_00001.txt
val,C:\Users\danie\Desktop\DS\Degree\projects\Advanced_topics_in_DS\Clock-Recognition-And-Manipulation-DL\analog_clock\data\from_internet_cropped\clock_crop_00057.jpg,C:\Users\danie\Desktop\DS\Degree\projects\Advanced_topics_in_DS\Clock-Recognition-And-Manipulation-DL\analog_clock\data\from_internet_cropped\clock_crop_00057.ann.json,C:\Users\danie\Desktop\DS\Degree\projects\Advanced_topics_in_DS\Clock-Recognition-And-Manipulation-DL\ac_hands_ft_cropped\dataset\images\val\val_00002.jpg,C:\Users\danie\Desktop\DS\Degree\projects\Advanced_topics_in_DS\Clock-Recognition-And-Manipulation-DL\ac_hands_ft_cropped\dataset\labels\val\val_00002.txt
val,C:\Users\danie\Desktop\DS\Degree\projects\Advanced_topics_in_DS\Clock-Recognition-And-Manipulation-DL\analog_clock\data\from_internet_cropped\clock_crop_00096.jpg,C:\Users\danie\Desktop\DS\Degree\projects\Advanced_topics_in_DS\Clock-Recognition-And-Manipulation-DL\analog_clock\data\from_internet_cropped\clock_crop_00096.ann.json,C:\Users\danie\Desktop\DS\Degree\projects\Advanced_topics_in_DS\Clock-Recognition-And-Manipulation-DL\ac_hands_ft_cropped\dataset\images\val\val_00003.jpg,C:\Users\danie\Desktop\DS\Degree\projects\Advanced_topics_in_DS\Clock-Recognition-And-Manipulation-DL\ac_hands_ft_cropped\dataset\labels\val\val_00003.txt
val,C:\Users\danie\Desktop\DS\Degree\projects\Advanced_topics_in_DS\Clock-Recognition-And-Manipulation-DL\analog_clock\data\from_internet_cropped\clock_crop_00053.jpg,C:\Users\danie\Desktop\DS\Degree\projects\Advanced_topics_in_DS\Clock-Recognition-And-Manipulation-DL\analog_clock\data\from_internet_cropped\clock_crop_00053.ann.json,C:\Users\danie\Desktop\DS\Degree\projects\Advanced_topics_in_DS\Clock-Recognition-And-Manipulation-DL\ac_hands_ft_cropped\dataset\images\val\val_00004.jpg,C:\Users\danie\Desktop\DS\Degree\projects\Advanced_topics_in_DS\Clock-Recognition-And-Manipulation-DL\ac_hands_ft_cropped\dataset\labels\val\val_00004.txt
val,C:\Users\danie\Desktop\DS\Degree\projects\Advanced_topics_in_DS\Clock-Recognition-And-Manipulation-DL\analog_clock\data\from_internet_cropped\clock_crop_00091.jpg,C:\Users\danie\Desktop\DS\Degree\projects\Advanced_topics_in_DS\Clock-Recognition-And-Manipulation-DL\analog_clock\data\from_internet_cropped\clock_crop_00091.ann.json,C:\Users\danie\Desktop\DS\Degree\projects\Advanced_topics_in_DS\Clock-Recognition-And-Manipulation-DL\ac_hands_ft_cropped\dataset\images\val\val_00005.jpg,C:\Users\danie\Desktop\DS\Degree\projects\Advanced_topics_in_DS\Clock-Recognition-And-Manipulation-DL\ac_hands_ft_cropped\dataset\labels\val\val_00005.txt
val,C:\Users\danie\Desktop\DS\Degree\projects\Advanced_topics_in_DS\Clock-Recognition-And-Manipulation-DL\analog_clock\data\from_internet_cropped\clock_crop_00025.jpg,C:\Users\danie\Desktop\DS\Degree\projects\Advanced_topics_in_DS\Clock-Recognition-And-Manipulation-DL\analog_clock\data\from_internet_cropped\clock_crop_00025.ann.json,C:\Users\danie\Desktop\DS\Degree\projects\Advanced_topics_in_DS\Clock-Recognition-And-Manipulation-DL\ac_hands_ft_cropped\dataset\images\val\val_00006.jpg,C:\Users\danie\Desktop\DS\Degree\projects\Advanced_topics_in_DS\Clock-Recognition-And-Manipulation-DL\ac_hands_ft_cropped\dataset\labels\val\val_00006.txt
val,C:\Users\danie\Desktop\DS\Degree\projects\Advanced_topics_in_DS\Clock-Recognition-And-Manipulation-DL\analog_clock\data\from_internet_cropped\clock_crop_00071.jpg,C:\Users\danie\Desktop\DS\Degree\projects\Advanced_topics_in_DS\Clock-Recognition-And-Manipulation-DL\analog_clock\data\from_internet_cropped\clock_crop_00071.ann.json,C:\Users\danie\Desktop\DS\Degree\projects\Advanced_topics_in_DS\Clock-Recognition-And-Manipulation-DL\ac_hands_ft_cropped\dataset\images\val\val_00007.jpg,C:\Users\danie\Desktop\DS\Degree\projects\Advanced_topics_in_DS\Clock-Recognition-And-Manipulation-DL\ac_hands_ft_cropped\dataset\labels\val\val_00007.txt
val,C:\Users\danie\Desktop\DS\Degree\projects\Advanced_topics_in_DS\Clock-Recognition-And-Manipulation-DL\analog_clock\data\from_internet_cropped\clock_crop_00092.png,C:\Users\danie\Desktop\DS\Degree\projects\Advanced_topics_in_DS\Clock-Recognition-And-Manipulation-DL\analog_clock\data\from_internet_cropped\clock_crop_00092.ann.json,C:\Users\danie\Desktop\DS\Degree\projects\Advanced_topics_in_DS\Clock-Recognition-And-Manipulation-DL\ac_hands_ft_cropped\dataset\images\val\val_00008.png,C:\Users\danie\Desktop\DS\Degree\projects\Advanced_topics_in_DS\Clock-Recognition-And-Manipulation-DL\ac_hands_ft_cropped\dataset\labels\val\val_00008.txt
val,C:\Users\danie\Desktop\DS\Degree\projects\Advanced_topics_in_DS\Clock-Recognition-And-Manipulation-DL\analog_clock\data\from_internet_cropped\clock_crop_00077.jpg,C:\Users\danie\Desktop\DS\Degree\projects\Advanced_topics_in_DS\Clock-Recognition-And-Manipulation-DL\analog_clock\data\from_internet_cropped\clock_crop_00077.ann.json,C:\Users\danie\Desktop\DS\Degree\projects\Advanced_topics_in_DS\Clock-Recognition-And-Manipulation-DL\ac_hands_ft_cropped\dataset\images\val\val_00009.jpg,C:\Users\danie\Desktop\DS\Degree\projects\Advanced_topics_in_DS\Clock-Recognition-And-Manipulation-DL\ac_hands_ft_cropped\dataset\labels\val\val_00009.txt
val,C:\Users\danie\Desktop\DS\Degree\projects\Advanced_topics_in_DS\Clock-Recognition-And-Manipulation-DL\analog_clock\data\from_internet_cropped\clock_crop_00064.jpg,C:\Users\danie\Desktop\DS\Degree\projects\Advanced_topics_in_DS\Clock-Recognition-And-Manipulation-DL\analog_clock\data\from_internet_cropped\clock_crop_00064.ann.json,C:\Users\danie\Desktop\DS\Degree\projects\Advanced_topics_in_DS\Clock-Recognition-And-Manipulation-DL\ac_hands_ft_cropped\dataset\images\val\val_00010.jpg,C:\Users\danie\Desktop\DS\Degree\projects\Advanced_topics_in_DS\Clock-Recognition-And-Manipulation-DL\ac_hands_ft_cropped\dataset\labels\val\val_00010.txt
val,C:\Users\danie\Desktop\DS\Degree\projects\Advanced_topics_in_DS\Clock-Recognition-And-Manipulation-DL\analog_clock\data\from_internet_cropped\clock_crop_00029.jpg,C:\Users\danie\Desktop\DS\Degree\projects\Advanced_topics_in_DS\Clock-Recognition-And-Manipulation-DL\analog_clock\data\from_internet_cropped\clock_crop_00029.ann.json,C:\Users\danie\Desktop\DS\Degree\projects\Advanced_topics_in_DS\Clock-Recognition-And-Manipulation-DL\ac_hands_ft_cropped\dataset\images\val\val_00011.jpg,C:\Users\danie\Desktop\DS\Degree\projects\Advanced_topics_in_DS\Clock-Recognition-And-Manipulation-DL\ac_hands_ft_cropped\dataset\labels\val\val_00011.txt
val,C:\Users\danie\Desktop\DS\Degree\projects\Advanced_topics_in_DS\Clock-Recognition-And-Manipulation-DL\analog_clock\data\from_internet_cropped\clock_crop_00027.jpg,C:\Users\danie\Desktop\DS\Degree\projects\Advanced_topics_in_DS\Clock-Recognition-And-Manipulation-DL\analog_clock\data\from_internet_cropped\clock_crop_00027.ann.json,C:\Users\danie\Desktop\DS\Degree\projects\Advanced_topics_in_DS\Clock-Recognition-And-Manipulation-DL\ac_hands_ft_cropped\dataset\images\val\val_00012.jpg,C:\Users\danie\Desktop\DS\Degree\projects\Advanced_topics_in_DS\Clock-Recognition-And-Manipulation-DL\ac_hands_ft_cropped\dataset\labels\val\val_00012.txt
val,C:\Users\danie\Desktop\DS\Degree\projects\Advanced_topics_in_DS\Clock-Recognition-And-Manipulation-DL\analog_clock\data\from_internet_cropped\clock_crop_00090.jpg,C:\Users\danie\Desktop\DS\Degree\projects\Advanced_topics_in_DS\Clock-Recognition-And-Manipulation-DL\analog_clock\data\from_internet_cropped\clock_crop_00090.ann.json,C:\Users\danie\Desktop\DS\Degree\projects\Advanced_topics_in_DS\Clock-Recognition-And-Manipulation-DL\ac_hands_ft_cropped\dataset\images\val\val_00013.jpg,C:\Users\danie\Desktop\DS\Degree\projects\Advanced_topics_in_DS\Clock-Recognition-And-Manipulation-DL\ac_hands_ft_cropped\dataset\labels\val\val_00013.txt
val,C:\Users\danie\Desktop\DS\Degree\projects\Advanced_topics_in_DS\Clock-Recognition-And-Manipulation-DL\analog_clock\data\from_internet_cropped\clock_crop_00100.jpg,C:\Users\danie\Desktop\DS\Degree\projects\Advanced_topics_in_DS\Clock-Recognition-And-Manipulation-DL\analog_clock\data\from_internet_cropped\clock_crop_00100.ann.json,C:\Users\danie\Desktop\DS\Degree\projects\Advanced_topics_in_DS\Clock-Recognition-And-Manipulation-DL\ac_hands_ft_cropped\dataset\images\val\val_00014.jpg,C:\Users\danie\Desktop\DS\Degree\projects\Advanced_topics_in_DS\Clock-Recognition-And-Manipulation-DL\ac_hands_ft_cropped\dataset\labels\val\val_00014.txt
test,C:\Users\danie\Desktop\DS\Degree\projects\Advanced_topics_in_DS\Clock-Recognition-And-Manipulation-DL\analog_clock\data\from_internet_cropped\clock_crop_00004.jpg,C:\Users\danie\Desktop\DS\Degree\projects\Advanced_topics_in_DS\Clock-Recognition-And-Manipulation-DL\analog_clock\data\from_internet_cropped\clock_crop_00004.ann.json,C:\Users\danie\Desktop\DS\Degree\projects\Advanced_topics_in_DS\Clock-Recognition-And-Manipulation-DL\ac_hands_ft_cropped\dataset\images\test\test_00000.jpg,C:\Users\danie\Desktop\DS\Degree\projects\Advanced_topics_in_DS\Clock-Recognition-And-Manipulation-DL\ac_hands_ft_cropped\dataset\labels\test\test_00000.txt
test,C:\Users\danie\Desktop\DS\Degree\projects\Advanced_topics_in_DS\Clock-Recognition-And-Manipulation-DL\analog_clock\data\from_internet_cropped\clock_crop_00054.jpg,C:\Users\danie\Desktop\DS\Degree\projects\Advanced_topics_in_DS\Clock-Recognition-And-Manipulation-DL\analog_clock\data\from_internet_cropped\clock_crop_00054.ann.json,C:\Users\danie\Desktop\DS\Degree\projects\Advanced_topics_in_DS\Clock-Recognition-And-Manipulation-DL\ac_hands_ft_cropped\dataset\images\test\test_00001.jpg,C:\Users\danie\Desktop\DS\Degree\projects\Advanced_topics_in_DS\Clock-Recognition-And-Manipulation-DL\ac_hands_ft_cropped\dataset\labels\test\test_00001.txt
test,C:\Users\danie\Desktop\DS\Degree\projects\Advanced_topics_in_DS\Clock-Recognition-And-Manipulation-DL\analog_clock\data\from_internet_cropped\clock_crop_00075.jpg,C:\Users\danie\Desktop\DS\Degree\projects\Advanced_topics_in_DS\Clock-Recognition-And-Manipulation-DL\analog_clock\data\from_internet_cropped\clock_crop_00075.ann.json,C:\Users\danie\Desktop\DS\Degree\projects\Advanced_topics_in_DS\Clock-Recognition-And-Manipulation-DL\ac_hands_ft_cropped\dataset\images\test\test_00002.jpg,C:\Users\danie\Desktop\DS\Degree\projects\Advanced_topics_in_DS\Clock-Recognition-And-Manipulation-DL\ac_hands_ft_cropped\dataset\labels\test\test_00002.txt
test,C:\Users\danie\Desktop\DS\Degree\projects\Advanced_topics_in_DS\Clock-Recognition-And-Manipulation-DL\analog_clock\data\from_internet_cropped\clock_crop_00011.jpg,C:\Users\danie\Desktop\DS\Degree\projects\Advanced_topics_in_DS\Clock-Recognition-And-Manipulation-DL\analog_clock\data\from_internet_cropped\clock_crop_00011.ann.json,C:\Users\danie\Desktop\DS\Degree\projects\Advanced_topics_in_DS\Clock-Recognition-And-Manipulation-DL\ac_hands_ft_cropped\dataset\images\test\test_00003.jpg,C:\Users\danie\Desktop\DS\Degree\projects\Advanced_topics_in_DS\Clock-Recognition-And-Manipulation-DL\ac_hands_ft_cropped\dataset\labels\test\test_00003.txt
test,C:\Users\danie\Desktop\DS\Degree\projects\Advanced_topics_in_DS\Clock-Recognition-And-Manipulation-DL\analog_clock\data\from_internet_cropped\clock_crop_00069.png,C:\Users\danie\Desktop\DS\Degree\projects\Advanced_topics_in_DS\Clock-Recognition-And-Manipulation-DL\analog_clock\data\from_internet_cropped\clock_crop_00069.ann.json,C:\Users\danie\Desktop\DS\Degree\projects\Advanced_topics_in_DS\Clock-Recognition-And-Manipulation-DL\ac_hands_ft_cropped\dataset\images\test\test_00004.png,C:\Users\danie\Desktop\DS\Degree\projects\Advanced_topics_in_DS\Clock-Recognition-And-Manipulation-DL\ac_hands_ft_cropped\dataset\labels\test\test_00004.txt
test,C:\Users\danie\Desktop\DS\Degree\projects\Advanced_topics_in_DS\Clock-Recognition-And-Manipulation-DL\analog_clock\data\from_internet_cropped\clock_crop_00086.jpg,C:\Users\danie\Desktop\DS\Degree\projects\Advanced_topics_in_DS\Clock-Recognition-And-Manipulation-DL\analog_clock\data\from_internet_cropped\clock_crop_00086.ann.json,C:\Users\danie\Desktop\DS\Degree\projects\Advanced_topics_in_DS\Clock-Recognition-And-Manipulation-DL\ac_hands_ft_cropped\dataset\images\test\test_00005.jpg,C:\Users\danie\Desktop\DS\Degree\projects\Advanced_topics_in_DS\Clock-Recognition-And-Manipulation-DL\ac_hands_ft_cropped\dataset\labels\test\test_00005.txt
test,C:\Users\danie\Desktop\DS\Degree\projects\Advanced_topics_in_DS\Clock-Recognition-And-Manipulation-DL\analog_clock\data\from_internet_cropped\clock_crop_00013.png,C:\Users\danie\Desktop\DS\Degree\projects\Advanced_topics_in_DS\Clock-Recognition-And-Manipulation-DL\analog_clock\data\from_internet_cropped\clock_crop_00013.ann.json,C:\Users\danie\Desktop\DS\Degree\projects\Advanced_topics_in_DS\Clock-Recognition-And-Manipulation-DL\ac_hands_ft_cropped\dataset\images\test\test_00006.png,C:\Users\danie\Desktop\DS\Degree\projects\Advanced_topics_in_DS\Clock-Recognition-And-Manipulation-DL\ac_hands_ft_cropped\dataset\labels\test\test_00006.txt
test,C:\Users\danie\Desktop\DS\Degree\projects\Advanced_topics_in_DS\Clock-Recognition-And-Manipulation-DL\analog_clock\data\from_internet_cropped\clock_crop_00099.jpg,C:\Users\danie\Desktop\DS\Degree\projects\Advanced_topics_in_DS\Clock-Recognition-And-Manipulation-DL\analog_clock\data\from_internet_cropped\clock_crop_00099.ann.json,C:\Users\danie\Desktop\DS\Degree\projects\Advanced_topics_in_DS\Clock-Recognition-And-Manipulation-DL\ac_hands_ft_cropped\dataset\images\test\test_00007.jpg,C:\Users\danie\Desktop\DS\Degree\projects\Advanced_topics_in_DS\Clock-Recognition-And-Manipulation-DL\ac_hands_ft_cropped\dataset\labels\test\test_00007.txt
test,C:\Users\danie\Desktop\DS\Degree\projects\Advanced_topics_in_DS\Clock-Recognition-And-Manipulation-DL\analog_clock\data\from_internet_cropped\clock_crop_00017.jpg,C:\Users\danie\Desktop\DS\Degree\projects\Advanced_topics_in_DS\Clock-Recognition-And-Manipulation-DL\analog_clock\data\from_internet_cropped\clock_crop_00017.ann.json,C:\Users\danie\Desktop\DS\Degree\projects\Advanced_topics_in_DS\Clock-Recognition-And-Manipulation-DL\ac_hands_ft_cropped\dataset\images\test\test_00008.jpg,C:\Users\danie\Desktop\DS\Degree\projects\Advanced_topics_in_DS\Clock-Recognition-And-Manipulation-DL\ac_hands_ft_cropped\dataset\labels\test\test_00008.txt
test,C:\Users\danie\Desktop\DS\Degree\projects\Advanced_topics_in_DS\Clock-Recognition-And-Manipulation-DL\analog_clock\data\from_internet_cropped\clock_crop_00028.png,C:\Users\danie\Desktop\DS\Degree\projects\Advanced_topics_in_DS\Clock-Recognition-And-Manipulation-DL\analog_clock\data\from_internet_cropped\clock_crop_00028.ann.json,C:\Users\danie\Desktop\DS\Degree\projects\Advanced_topics_in_DS\Clock-Recognition-And-Manipulation-DL\ac_hands_ft_cropped\dataset\images\test\test_00009.png,C:\Users\danie\Desktop\DS\Degree\projects\Advanced_topics_in_DS\Clock-Recognition-And-Manipulation-DL\ac_hands_ft_cropped\dataset\labels\test\test_00009.txt
test,C:\Users\danie\Desktop\DS\Degree\projects\Advanced_topics_in_DS\Clock-Recognition-And-Manipulation-DL\analog_clock\data\from_internet_cropped\clock_crop_00031.jpg,C:\Users\danie\Desktop\DS\Degree\projects\Advanced_topics_in_DS\Clock-Recognition-And-Manipulation-DL\analog_clock\data\from_internet_cropped\clock_crop_00031.ann.json,C:\Users\danie\Desktop\DS\Degree\projects\Advanced_topics_in_DS\Clock-Recognition-And-Manipulation-DL\ac_hands_ft_cropped\dataset\images\test\test_00010.jpg,C:\Users\danie\Desktop\DS\Degree\projects\Advanced_topics_in_DS\Clock-Recognition-And-Manipulation-DL\ac_hands_ft_cropped\dataset\labels\test\test_00010.txt
test,C:\Users\danie\Desktop\DS\Degree\projects\Advanced_topics_in_DS\Clock-Recognition-And-Manipulation-DL\analog_clock\data\from_internet_cropped\clock_crop_00035.jpg,C:\Users\danie\Desktop\DS\Degree\projects\Advanced_topics_in_DS\Clock-Recognition-And-Manipulation-DL\analog_clock\data\from_internet_cropped\clock_crop_00035.ann.json,C:\Users\danie\Desktop\DS\Degree\projects\Advanced_topics_in_DS\Clock-Recognition-And-Manipulation-DL\ac_hands_ft_cropped\dataset\images\test\test_00011.jpg,C:\Users\danie\Desktop\DS\Degree\projects\Advanced_topics_in_DS\Clock-Recognition-And-Manipulation-DL\ac_hands_ft_cropped\dataset\labels\test\test_00011.txt
test,C:\Users\danie\Desktop\DS\Degree\projects\Advanced_topics_in_DS\Clock-Recognition-And-Manipulation-DL\analog_clock\data\from_internet_cropped\clock_crop_00094.jpg,C:\Users\danie\Desktop\DS\Degree\projects\Advanced_topics_in_DS\Clock-Recognition-And-Manipulation-DL\analog_clock\data\from_internet_cropped\clock_crop_00094.ann.json,C:\Users\danie\Desktop\DS\Degree\projects\Advanced_topics_in_DS\Clock-Recognition-And-Manipulation-DL\ac_hands_ft_cropped\dataset\images\test\test_00012.jpg,C:\Users\danie\Desktop\DS\Degree\projects\Advanced_topics_in_DS\Clock-Recognition-And-Manipulation-DL\ac_hands_ft_cropped\dataset\labels\test\test_00012.txt
test,C:\Users\danie\Desktop\DS\Degree\projects\Advanced_topics_in_DS\Clock-Recognition-And-Manipulation-DL\analog_clock\data\from_internet_cropped\clock_crop_00003.jpg,C:\Users\danie\Desktop\DS\Degree\projects\Advanced_topics_in_DS\Clock-Recognition-And-Manipulation-DL\analog_clock\data\from_internet_cropped\clock_crop_00003.ann.json,C:\Users\danie\Desktop\DS\Degree\projects\Advanced_topics_in_DS\Clock-Recognition-And-Manipulation-DL\ac_hands_ft_cropped\dataset\images\test\test_00013.jpg,C:\Users\danie\Desktop\DS\Degree\projects\Advanced_topics_in_DS\Clock-Recognition-And-Manipulation-DL\ac_hands_ft_cropped\dataset\labels\test\test_00013.txt
test,C:\Users\danie\Desktop\DS\Degree\projects\Advanced_topics_in_DS\Clock-Recognition-And-Manipulation-DL\analog_clock\data\from_internet_cropped\clock_crop_00014.png,C:\Users\danie\Desktop\DS\Degree\projects\Advanced_topics_in_DS\Clock-Recognition-And-Manipulation-DL\analog_clock\data\from_internet_cropped\clock_crop_00014.ann.json,C:\Users\danie\Desktop\DS\Degree\projects\Advanced_topics_in_DS\Clock-Recognition-And-Manipulation-DL\ac_hands_ft_cropped\dataset\images\test\test_00014.png,C:\Users\danie\Desktop\DS\Degree\projects\Advanced_topics_in_DS\Clock-Recognition-And-Manipulation-DL\ac_hands_ft_cropped\dataset\labels\test\test_00014.txt
test,C:\Users\danie\Desktop\DS\Degree\projects\Advanced_topics_in_DS\Clock-Recognition-And-Manipulation-DL\analog_clock\data\from_internet_cropped\clock_crop_00081.jpg,C:\Users\danie\Desktop\DS\Degree\projects\Advanced_topics_in_DS\Clock-Recognition-And-Manipulation-DL\analog_clock\data\from_internet_cropped\clock_crop_00081.ann.json,C:\Users\danie\Desktop\DS\Degree\projects\Advanced_topics_in_DS\Clock-Recognition-And-Manipulation-DL\ac_hands_ft_cropped\dataset\images\test\test_00015.jpg,C:\Users\danie\Desktop\DS\Degree\projects\Advanced_topics_in_DS\Clock-Recognition-And-Manipulation-DL\ac_hands_ft_cropped\dataset\labels\test\test_00015.txt
